timestamp,value
2026-08-21 21:45:00+00:00,2149.74521
2026-08-21 22:00:00+00:00,3073.12628
2026-08-21 22:15:00+00:00,3214.62628
2026-08-21 22:30:00+00:00,3370.75688
2026-08-21 22:45:00+00:00,2984.1776999999997
2026-08-21 23:00:00+00:00,3321.4204
2026-08-21 23:15:00+00:00,3060.5241
2026-08-21 23:30:00+00:00,3033.00841
2026-08-21 23:45:00+00:00,3013.7415
2026-08-22 00:00:00+00:00,2814.4115
2026-08-22 00:15:00+00:00,2696.7970000000005
2026-08-22 00:30:00+00:00,2356.1898
2026-08-22 00:45:00+00:00,1887.2352999999998
2026-08-22 01:00:00+00:00,1912.33156
2026-08-22 01:15:00+00:00,2122.6816599999997
2026-08-22 01:30:00+00:00,2354.3296600000003
2026-08-22 01:45:00+00:00,2496.29305
2026-08-22 02:00:00+00:00,2230.40275
2026-08-22 02:15:00+00:00,2151.5444500000003
2026-08-22 02:30:00+00:00,2600.8663500000002
2026-08-22 02:45:00+00:00,2248.24889
2026-08-22 03:00:00+00:00,1804.81699
2026-08-22 03:15:00+00:00,1672.9020899999998
2026-08-22 03:30:00+00:00,1872.51789
2026-08-22 03:45:00+00:00,1842.96189
2026-08-22 04:00:00+00:00,1832.45563
2026-08-22 04:15:00+00:00,1855.7532299999998
2026-08-22 04:30:00+00:00,1966.56713
2026-08-22 04:45:00+00:00,1768.84083
2026-08-22 05:00:00+00:00,1817.81293
2026-08-22 05:15:00+00:00,1814.09603
2026-08-22 05:30:00+00:00,1825.67234
2026-08-22 05:45:00+00:00,1733.13544
2026-08-22 06:00:00+00:00,1969.50143
2026-08-22 06:15:00+00:00,1795.60543
2026-08-22 06:30:00+00:00,1855.73113
2026-08-22 06:45:00+00:00,1869.1338299999998
2026-08-22 07:00:00+00:00,1738.14283
2026-08-22 07:15:00+00:00,1728.52403
2026-08-22 07:30:00+00:00,1752.13224
2026-08-22 07:45:00+00:00,1720.05834
2026-08-22 08:00:00+00:00,1751.5570400000001
2026-08-22 08:15:00+00:00,1805.01584
2026-08-22 08:30:00+00:00,1913.46204
2026-08-22 08:45:00+00:00,1885.3392400000002
2026-08-22 09:00:00+00:00,1873.65234
2026-08-22 09:15:00+00:00,1759.15774
2026-08-22 09:30:00+00:00,1767.6861400000003
2026-08-22 09:45:00+00:00,1806.7002400000001
2026-08-22 10:00:00+00:00,1751.29374
2026-08-22 10:15:00+00:00,1767.0832399999997
2026-08-22 10:30:00+00:00,1837.59554
2026-08-22 10:45:00+00:00,1921.2927000000002
2026-08-22 11:00:00+00:00,1902.55014
2026-08-22 11:15:00+00:00,1691.7790400000001
2026-08-22 11:30:00+00:00,1723.5365399999998
2026-08-22 11:45:00+00:00,1781.43374
2026-08-22 12:00:00+00:00,1843.04383
2026-08-22 12:15:00+00:00,1805.4371300000003
2026-08-22 12:30:00+00:00,1829.35013
2026-08-22 12:45:00+00:00,1813.18774
2026-08-22 13:00:00+00:00,1664.77914
2026-08-22 13:15:00+00:00,1712.04294
2026-08-22 13:30:00+00:00,1681.83279
2026-08-22 13:45:00+00:00,1646.3934900000002
2026-08-22 14:00:00+00:00,1801.31109
2026-08-22 14:15:00+00:00,1672.94479
2026-08-22 14:30:00+00:00,1680.59059
2026-08-22 14:45:00+00:00,1573.68089
2026-08-22 15:00:00+00:00,1571.9071900000001
2026-08-22 15:15:00+00:00,1695.5407
2026-08-22 15:30:00+00:00,1829.8542
2026-08-22 15:45:00+00:00,1788.80749
2026-08-22 16:00:00+00:00,1675.9715800000001
2026-08-22 16:15:00+00:00,1675.2080799999999
2026-08-22 16:30:00+00:00,1799.8161799999998
2026-08-22 16:45:00+00:00,2460.47068
2026-08-22 17:00:00+00:00,3139.68988
2026-08-22 17:15:00+00:00,4529.07588
2026-08-22 17:30:00+00:00,5543.25688
2026-08-22 17:45:00+00:00,5675.01009
2026-08-22 18:00:00+00:00,5495.93368
2026-08-22 18:15:00+00:00,5806.35208
2026-08-22 18:30:00+00:00,6462.78908
2026-08-22 18:45:00+00:00,7031.67818
2026-08-22 19:00:00+00:00,6926.90599
2026-08-22 19:15:00+00:00,6883.58539
2026-08-22 19:30:00+00:00,7127.47779
2026-08-22 19:45:00+00:00,7141.5832900000005
2026-08-22 20:00:00+00:00,7664.06309
2026-08-22 20:15:00+00:00,7541.48609
2026-08-22 20:30:00+00:00,7332.32949
2026-08-22 20:45:00+00:00,7001.9536
2026-08-22 21:00:00+00:00,7369.6669
2026-08-22 21:15:00+00:00,7075.2126100000005
2026-08-22 21:30:00+00:00,6841.68851
2026-08-22 21:45:00+00:00,6434.72761
2026-08-22 22:00:00+00:00,6121.56155
2026-08-22 22:15:00+00:00,5396.60745
2026-08-22 22:30:00+00:00,3891.69245
2026-08-22 22:45:00+00:00,3572.97135
2026-08-22 23:00:00+00:00,4187.4914499999995
2026-08-22 23:15:00+00:00,4100.80051
2026-08-22 23:30:00+00:00,3773.1226100000003
2026-08-22 23:45:00+00:00,3590.9514799999997
2026-08-23 00:00:00+00:00,3109.0736800000004
2026-08-23 00:15:00+00:00,2429.50328
2026-08-23 00:30:00+00:00,2490.4474800000003
2026-08-23 00:45:00+00:00,2269.95698
2026-08-23 01:00:00+00:00,2237.24334
2026-08-23 01:15:00+00:00,2242.24064
2026-08-23 01:30:00+00:00,2251.47574
2026-08-23 01:45:00+00:00,2232.12324
2026-08-23 02:00:00+00:00,1955.5191399999999
2026-08-23 02:15:00+00:00,1741.7265399999999
2026-08-23 02:30:00+00:00,1758.53184
2026-08-23 02:45:00+00:00,1840.85772
2026-08-23 03:00:00+00:00,1707.49692
2026-08-23 03:15:00+00:00,1780.87262
2026-08-23 03:30:00+00:00,1676.0845199999999
2026-08-23 03:45:00+00:00,1653.25772
2026-08-23 04:00:00+00:00,1752.5136000000002
2026-08-23 04:15:00+00:00,1758.5773000000002
2026-08-23 04:30:00+00:00,1778.792
2026-08-23 04:45:00+00:00,1782.2111
2026-08-23 05:00:00+00:00,1517.0489200000002
2026-08-23 05:15:00+00:00,1527.89822
2026-08-23 05:30:00+00:00,1457.65756
2026-08-23 05:45:00+00:00,1287.7951600000001
2026-08-23 06:00:00+00:00,1333.28667
2026-08-23 06:15:00+00:00,1296.61347
2026-08-23 06:30:00+00:00,1329.04087
2026-08-23 06:45:00+00:00,1364.8827700000002
2026-08-23 07:00:00+00:00,1587.00787
2026-08-23 07:15:00+00:00,1537.20147
2026-08-23 07:30:00+00:00,1559.96617
2026-08-23 07:45:00+00:00,1477.67237
2026-08-23 08:00:00+00:00,1468.47577
2026-08-23 08:15:00+00:00,1425.19567
2026-08-23 08:30:00+00:00,1504.7493900000002
2026-08-23 08:45:00+00:00,1495.6759900000002
2026-08-23 09:00:00+00:00,1603.1532300000001
2026-08-23 09:15:00+00:00,1464.3925299999999
2026-08-23 09:30:00+00:00,1562.80483
2026-08-23 09:45:00+00:00,1564.52443
2026-08-23 10:00:00+00:00,1699.91693
2026-08-23 10:15:00+00:00,1515.68613
2026-08-23 10:30:00+00:00,1385.5373299999999
2026-08-23 10:45:00+00:00,1457.89759
2026-08-23 11:00:00+00:00,1515.86141
2026-08-23 11:15:00+00:00,1500.10181
2026-08-23 11:30:00+00:00,1528.3704099999998
2026-08-23 11:45:00+00:00,1561.42391
2026-08-23 12:00:00+00:00,1536.63371
2026-08-23 12:15:00+00:00,1448.92041
2026-08-23 12:30:00+00:00,1510.07721
2026-08-23 12:45:00+00:00,1432.9696099999999
2026-08-23 13:00:00+00:00,1357.9643099999998
2026-08-23 13:15:00+00:00,1532.7956100000001
2026-08-23 13:30:00+00:00,1396.19946
2026-08-23 13:45:00+00:00,1469.46496
2026-08-23 14:00:00+00:00,1418.10656
2026-08-23 14:15:00+00:00,1451.04796
2026-08-23 14:30:00+00:00,1419.6755600000001
2026-08-23 14:45:00+00:00,1434.1635600000002
2026-08-23 15:00:00+00:00,1345.48946
2026-08-23 15:15:00+00:00,1498.47425
2026-08-23 15:30:00+00:00,1399.67335
2026-08-23 15:45:00+00:00,1395.81513
2026-08-23 16:00:00+00:00,1361.4585100000002
2026-08-23 16:15:00+00:00,1590.62471
2026-08-23 16:30:00+00:00,2288.65561
2026-08-23 16:45:00+00:00,4473.66641
2026-08-23 17:00:00+00:00,4433.42518
2026-08-23 17:15:00+00:00,5429.68089
2026-08-23 17:30:00+00:00,6973.10009
2026-08-23 17:45:00+00:00,7533.38766
2026-08-23 18:00:00+00:00,7149.8510799999995
2026-08-23 18:15:00+00:00,6967.47548
2026-08-23 18:30:00+00:00,6892.589980000001
2026-08-23 18:45:00+00:00,6958.49738
2026-08-23 19:00:00+00:00,6722.50908
2026-08-23 19:15:00+00:00,6538.00058
2026-08-23 19:30:00+00:00,5817.15888
2026-08-23 19:45:00+00:00,5369.67998
2026-08-23 20:00:00+00:00,5265.68838
2026-08-23 20:15:00+00:00,4925.14378
2026-08-23 20:30:00+00:00,4249.90118
2026-08-23 20:45:00+00:00,3400.20164
2026-08-23 21:00:00+00:00,2690.97304
2026-08-23 21:15:00+00:00,2237.25874
2026-08-23 21:30:00+00:00,2199.47984
2026-08-23 21:45:00+00:00,1731.87104
2026-08-23 22:00:00+00:00,1587.9043499999998
2026-08-23 22:15:00+00:00,1157.0105500000002
2026-08-23 22:30:00+00:00,1143.02075
2026-08-23 22:45:00+00:00,1189.70645
2026-08-23 23:00:00+00:00,1156.65095
2026-08-23 23:15:00+00:00,1152.03335
2026-08-23 23:30:00+00:00,1159.5121499999998
2026-08-23 23:45:00+00:00,1150.96024
2026-08-24 00:00:00+00:00,1136.2263599999999
2026-08-24 00:15:00+00:00,1153.84566
2026-08-24 00:30:00+00:00,1129.3904599999998
2026-08-24 00:45:00+00:00,1113.7406299999998
2026-08-24 01:00:00+00:00,1120.90229
2026-08-24 01:15:00+00:00,1129.29559
2026-08-24 01:30:00+00:00,1106.4081800000001
2026-08-24 01:45:00+00:00,1134.36998
2026-08-24 02:00:00+00:00,1151.5857700000001
2026-08-24 02:15:00+00:00,1329.54057
2026-08-24 02:30:00+00:00,1511.81277
2026-08-24 02:45:00+00:00,1322.56417
2026-08-24 03:00:00+00:00,1284.85937
2026-08-24 03:15:00+00:00,1258.57287
2026-08-24 03:30:00+00:00,1614.75617
2026-08-24 03:45:00+00:00,2367.1854299999995
2026-08-24 04:00:00+00:00,4087.07531
2026-08-24 04:15:00+00:00,5487.852510000001
2026-08-24 04:30:00+00:00,6161.508510000001
2026-08-24 04:45:00+00:00,6124.92861
2026-08-24 05:00:00+00:00,6114.091780000001
2026-08-24 05:15:00+00:00,6013.84982
2026-08-24 05:30:00+00:00,5576.14027
2026-08-24 05:45:00+00:00,4480.68437
2026-08-24 06:00:00+00:00,4962.4136
2026-08-24 06:15:00+00:00,3761.6954
2026-08-24 06:30:00+00:00,2027.105
2026-08-24 06:45:00+00:00,1663.4701
2026-08-24 07:00:00+00:00,1609.2871799999998
2026-08-24 07:15:00+00:00,1563.3376799999999
2026-08-24 07:30:00+00:00,1589.63971
2026-08-24 07:45:00+00:00,1293.29151
2026-08-24 08:00:00+00:00,1289.4705099999999
2026-08-24 08:15:00+00:00,1289.66751
2026-08-24 08:30:00+00:00,1295.13539
2026-08-24 08:45:00+00:00,1327.86999
2026-08-24 09:00:00+00:00,1368.55239
2026-08-24 09:15:00+00:00,1322.22269
2026-08-24 09:30:00+00:00,1340.19099
2026-08-24 09:45:00+00:00,1364.69029
2026-08-24 10:00:00+00:00,1350.7243899999999
2026-08-24 10:15:00+00:00,1359.43649
2026-08-24 10:30:00+00:00,1367.24929
2026-08-24 10:45:00+00:00,1353.58811
2026-08-24 11:00:00+00:00,1345.9867900000002
2026-08-24 11:15:00+00:00,1356.9830900000002
2026-08-24 11:30:00+00:00,1409.72009
2026-08-24 11:45:00+00:00,1373.1571900000001
2026-08-24 12:00:00+00:00,1381.80529
2026-08-24 12:15:00+00:00,1360.16909
2026-08-24 12:30:00+00:00,1773.11195
2026-08-24 12:45:00+00:00,1839.95025
2026-08-24 13:00:00+00:00,1831.13505
2026-08-24 13:15:00+00:00,1875.53125
2026-08-24 13:30:00+00:00,1862.45725
2026-08-24 13:45:00+00:00,1859.92895
2026-08-24 14:00:00+00:00,1884.45075
2026-08-24 14:15:00+00:00,1872.59305
2026-08-24 14:30:00+00:00,1736.7259499999998
2026-08-24 14:45:00+00:00,1704.9716500000002
2026-08-24 15:00:00+00:00,1354.93665
2026-08-24 15:15:00+00:00,1478.66225
2026-08-24 15:30:00+00:00,2104.49055
2026-08-24 15:45:00+00:00,3025.50015
2026-08-24 16:00:00+00:00,2081.65767
2026-08-24 16:15:00+00:00,3511.60027
2026-08-24 16:30:00+00:00,6111.65017
2026-08-24 16:45:00+00:00,6847.48984
2026-08-24 17:00:00+00:00,6411.901040000001
2026-08-24 17:15:00+00:00,7063.39984
2026-08-24 17:30:00+00:00,7043.2642399999995
2026-08-24 17:45:00+00:00,7002.272919999999
2026-08-24 18:00:00+00:00,6867.7455
2026-08-24 18:15:00+00:00,6877.5182
2026-08-24 18:30:00+00:00,7000.41201
2026-08-24 18:45:00+00:00,6661.31688
2026-08-24 19:00:00+00:00,6976.68115
2026-08-24 19:15:00+00:00,6427.46705
2026-08-24 19:30:00+00:00,4760.005450000001
2026-08-24 19:45:00+00:00,3169.63065
2026-08-24 20:00:00+00:00,3588.1711499999997
2026-08-24 20:15:00+00:00,2592.90755
2026-08-24 20:30:00+00:00,1996.5415199999998
2026-08-24 20:45:00+00:00,1626.93152
2026-08-24 21:00:00+00:00,1310.03142
2026-08-24 21:15:00+00:00,1294.5219200000001
2026-08-24 21:30:00+00:00,1320.18192
2026-08-24 21:45:00+00:00,1358.8972200000003
2026-08-24 22:00:00+00:00,1408.70539
2026-08-24 22:15:00+00:00,1238.1515899999997
2026-08-24 22:30:00+00:00,1223.1064900000001
2026-08-24 22:45:00+00:00,1230.3852900000002
2026-08-24 23:00:00+00:00,1237.38069
2026-08-24 23:15:00+00:00,1228.04249
2026-08-24 23:30:00+00:00,1225.78408
2026-08-24 23:45:00+00:00,1223.48796
2026-08-25 00:00:00+00:00,1238.82106
2026-08-25 00:15:00+00:00,1218.38886
2026-08-25 00:30:00+00:00,1196.38656
2026-08-25 00:45:00+00:00,1197.23256
2026-08-25 01:00:00+00:00,1183.81344
2026-08-25 01:15:00+00:00,1176.5432400000002
2026-08-25 01:30:00+00:00,1173.96194
2026-08-25 01:45:00+00:00,1172.9405399999998
2026-08-25 02:00:00+00:00,1153.6875400000001
2026-08-25 02:15:00+00:00,1162.20404
2026-08-25 02:30:00+00:00,1153.7357399999999
2026-08-25 02:45:00+00:00,1162.63492
2026-08-25 03:00:00+00:00,1163.74152
2026-08-25 03:15:00+00:00,1155.1496200000001
2026-08-25 03:30:00+00:00,1194.1037199999998
2026-08-25 03:45:00+00:00,1197.5366199999999
2026-08-25 04:00:00+00:00,1310.67784
2026-08-25 04:15:00+00:00,1323.76604
2026-08-25 04:30:00+00:00,1323.39564
2026-08-25 04:45:00+00:00,1340.73283
2026-08-25 05:00:00+00:00,1751.0352400000002
2026-08-25 05:15:00+00:00,2052.0910400000002
2026-08-25 05:30:00+00:00,2581.56284
2026-08-25 05:45:00+00:00,2069.77614
2026-08-25 06:00:00+00:00,2142.87077
2026-08-25 06:15:00+00:00,1901.93107
2026-08-25 06:30:00+00:00,1530.0150700000002
2026-08-25 06:45:00+00:00,1620.21677
2026-08-25 07:00:00+00:00,1825.9257699999998
2026-08-25 07:15:00+00:00,1649.01267
2026-08-25 07:30:00+00:00,1611.59334
2026-08-25 07:45:00+00:00,1564.14614
2026-08-25 08:00:00+00:00,1640.4507399999998
2026-08-25 08:15:00+00:00,1569.13984
2026-08-25 08:30:00+00:00,1713.5159399999998
2026-08-25 08:45:00+00:00,1681.7360399999998
2026-08-25 09:00:00+00:00,1685.99653
2026-08-25 09:15:00+00:00,1627.2500300000002
2026-08-25 09:30:00+00:00,1672.13206
2026-08-25 09:45:00+00:00,1648.74246
2026-08-25 10:00:00+00:00,1742.24776
2026-08-25 10:15:00+00:00,1716.41516
2026-08-25 10:30:00+00:00,1660.77946
2026-08-25 10:45:00+00:00,1720.1770299999998
2026-08-25 11:00:00+00:00,1724.28532
2026-08-25 11:15:00+00:00,1792.5890200000001
2026-08-25 11:30:00+00:00,1775.58792
2026-08-25 11:45:00+00:00,1801.76432
2026-08-25 12:00:00+00:00,1790.9176200000002
2026-08-25 12:15:00+00:00,1747.8570200000001
2026-08-25 12:30:00+00:00,1621.7291899999998
2026-08-25 12:45:00+00:00,1632.6163900000001
2026-08-25 13:00:00+00:00,1618.0990900000002
2026-08-25 13:15:00+00:00,1638.64689
2026-08-25 13:30:00+00:00,1661.4753600000001
2026-08-25 13:45:00+00:00,1673.3857600000001
2026-08-25 14:00:00+00:00,1652.29096
2026-08-25 14:15:00+00:00,1701.42536
2026-08-25 14:30:00+00:00,1692.41346
2026-08-25 14:45:00+00:00,1700.84696
2026-08-25 15:00:00+00:00,1542.11796
2026-08-25 15:15:00+00:00,2073.65593
2026-08-25 15:30:00+00:00,1953.8359300000002
2026-08-25 15:45:00+00:00,2660.27533
2026-08-25 16:00:00+00:00,2134.79553
2026-08-25 16:15:00+00:00,3674.39063
2026-08-25 16:30:00+00:00,5388.50963
2026-08-25 16:45:00+00:00,6749.73333
2026-08-25 17:00:00+00:00,6896.03843
2026-08-25 17:15:00+00:00,7174.686529999999
2026-08-25 17:30:00+00:00,7646.32093
2026-08-25 17:45:00+00:00,7871.22595
2026-08-25 18:00:00+00:00,7594.43823
2026-08-25 18:15:00+00:00,7242.57383
2026-08-25 18:30:00+00:00,6986.09003
2026-08-25 18:45:00+00:00,7067.21803
2026-08-25 19:00:00+00:00,6767.961590000001
2026-08-25 19:15:00+00:00,6320.61749
2026-08-25 19:30:00+00:00,6055.70359
2026-08-25 19:45:00+00:00,5097.40769
2026-08-25 20:00:00+00:00,5305.60999
2026-08-25 20:15:00+00:00,4515.67739
2026-08-25 20:30:00+00:00,3097.14259
2026-08-25 20:45:00+00:00,2742.8399200000003
2026-08-25 21:00:00+00:00,3061.5836200000003
2026-08-25 21:15:00+00:00,2576.39282
2026-08-25 21:30:00+00:00,2524.0179200000002
2026-08-25 21:45:00+00:00,2084.89992
2026-08-25 22:00:00+00:00,1524.2824899999998
2026-08-25 22:15:00+00:00,1478.5986699999999
2026-08-25 22:30:00+00:00,1458.3884699999999
2026-08-25 22:45:00+00:00,1425.68247
2026-08-25 23:00:00+00:00,1434.29197
2026-08-25 23:15:00+00:00,1421.12797
2026-08-25 23:30:00+00:00,1416.35327
2026-08-25 23:45:00+00:00,1418.15998
2026-08-26 00:00:00+00:00,1419.40868
2026-08-26 00:15:00+00:00,1422.84828
2026-08-26 00:30:00+00:00,1427.70698
2026-08-26 00:45:00+00:00,1434.25068
2026-08-26 01:00:00+00:00,1427.65539
2026-08-26 01:15:00+00:00,1434.07269
2026-08-26 01:30:00+00:00,1448.35639
2026-08-26 01:45:00+00:00,1436.62599
2026-08-26 02:00:00+00:00,1420.54439
2026-08-26 02:15:00+00:00,1436.99799
2026-08-26 02:30:00+00:00,1447.18099
2026-08-26 02:45:00+00:00,1429.92482
2026-08-26 03:00:00+00:00,1434.03672
2026-08-26 03:15:00+00:00,1436.60182
2026-08-26 03:30:00+00:00,1733.5429
2026-08-26 03:45:00+00:00,1915.2196
2026-08-26 04:00:00+00:00,1888.75121
2026-08-26 04:15:00+00:00,1931.15542
2026-08-26 04:30:00+00:00,2061.60572
2026-08-26 04:45:00+00:00,2350.12562
2026-08-26 05:00:00+00:00,3021.33922
2026-08-26 05:15:00+00:00,3206.76522
2026-08-26 05:30:00+00:00,3173.65682
2026-08-26 05:45:00+00:00,2848.28442
2026-08-26 06:00:00+00:00,3937.18378
2026-08-26 06:15:00+00:00,3973.99428
2026-08-26 06:30:00+00:00,3253.3766800000003
2026-08-26 06:45:00+00:00,2616.6105800000005
2026-08-26 07:00:00+00:00,3493.56798
2026-08-26 07:15:00+00:00,3133.93548
2026-08-26 07:30:00+00:00,2765.83857
2026-08-26 07:45:00+00:00,2152.65537
2026-08-26 08:00:00+00:00,1812.0427699999998
2026-08-26 08:15:00+00:00,1805.5754700000002
2026-08-26 08:30:00+00:00,1877.9509699999999
2026-08-26 08:45:00+00:00,1870.49527
2026-08-26 09:00:00+00:00,1881.62257
2026-08-26 09:15:00+00:00,1853.0570699999998
2026-08-26 09:30:00+00:00,1812.2105699999997
2026-08-26 09:45:00+00:00,1805.13837
2026-08-26 10:00:00+00:00,1818.4212699999998
2026-08-26 10:15:00+00:00,1802.27267
2026-08-26 10:30:00+00:00,1766.15237
2026-08-26 10:45:00+00:00,1772.4589099999998
2026-08-26 11:00:00+00:00,1792.19803
2026-08-26 11:15:00+00:00,1770.36963
2026-08-26 11:30:00+00:00,1737.4058300000002
2026-08-26 11:45:00+00:00,1700.04623
2026-08-26 12:00:00+00:00,1658.3400299999998
2026-08-26 12:15:00+00:00,1690.93673
2026-08-26 12:30:00+00:00,1683.5775400000002
2026-08-26 12:45:00+00:00,1696.42144
2026-08-26 13:00:00+00:00,1725.48854
2026-08-26 13:15:00+00:00,1704.83574
2026-08-26 13:30:00+00:00,1660.7587400000002
2026-08-26 13:45:00+00:00,1704.02524
2026-08-26 14:00:00+00:00,1740.10294
2026-08-26 14:15:00+00:00,1743.97504
2026-08-26 14:30:00+00:00,1806.76664
2026-08-26 14:45:00+00:00,1873.87964
2026-08-26 15:00:00+00:00,1482.59444
2026-08-26 15:15:00+00:00,1464.15845
2026-08-26 15:30:00+00:00,1319.1864500000001
2026-08-26 15:45:00+00:00,1404.59735
2026-08-26 16:00:00+00:00,1375.84944
2026-08-26 16:15:00+00:00,2695.5404399999998
2026-08-26 16:30:00+00:00,4921.38054
2026-08-26 16:45:00+00:00,6184.870739999999
2026-08-26 17:00:00+00:00,6291.87514
2026-08-26 17:15:00+00:00,6799.149740000001
2026-08-26 17:30:00+00:00,7329.29814
2026-08-26 17:45:00+00:00,7374.1803899999995
2026-08-26 18:00:00+00:00,6881.490739999999
2026-08-26 18:15:00+00:00,6467.51594
2026-08-26 18:30:00+00:00,5964.441140000001
2026-08-26 18:45:00+00:00,5695.60674
2026-08-26 19:00:00+00:00,6138.57923
2026-08-26 19:15:00+00:00,5535.72473
2026-08-26 19:30:00+00:00,4856.50803
2026-08-26 19:45:00+00:00,3311.56083
2026-08-26 20:00:00+00:00,3709.83763
2026-08-26 20:15:00+00:00,3179.17153
2026-08-26 20:30:00+00:00,2809.5096299999996
2026-08-26 20:45:00+00:00,2914.0973999999997
2026-08-26 21:00:00+00:00,2926.677
2026-08-26 21:15:00+00:00,2266.3602
2026-08-26 21:30:00+00:00,1684.2850000000003
2026-08-26 21:45:00+00:00,1339.0351
2026-08-26 22:00:00+00:00,1320.75103
2026-08-26 22:15:00+00:00,1333.4756300000001
2026-08-26 22:30:00+00:00,1344.43123
2026-08-26 22:45:00+00:00,1344.31483
2026-08-26 23:00:00+00:00,1340.9999299999997
2026-08-26 23:15:00+00:00,1329.60483
2026-08-26 23:30:00+00:00,1270.32703
2026-08-26 23:45:00+00:00,1304.0921
2026-08-27 00:00:00+00:00,1278.3346
2026-08-27 00:15:00+00:00,1240.4333
2026-08-27 00:30:00+00:00,1227.1200999999999
2026-08-27 00:45:00+00:00,1227.4241
2026-08-27 01:00:00+00:00,1296.95507
2026-08-27 01:15:00+00:00,1229.13627
2026-08-27 01:30:00+00:00,1266.70857
2026-08-27 01:45:00+00:00,1222.91307
2026-08-27 02:00:00+00:00,1210.9080600000002
2026-08-27 02:15:00+00:00,1220.4249599999998
2026-08-27 02:30:00+00:00,1225.60366
2026-08-27 02:45:00+00:00,1237.55164
2026-08-27 03:00:00+00:00,1261.26164
2026-08-27 03:15:00+00:00,1246.0412400000002
2026-08-27 03:30:00+00:00,1270.82214
2026-08-27 03:45:00+00:00,1600.3417399999998
2026-08-27 04:00:00+00:00,1918.10486
2026-08-27 04:15:00+00:00,2346.54826
2026-08-27 04:30:00+00:00,2564.01836
2026-08-27 04:45:00+00:00,2874.44876
2026-08-27 05:00:00+00:00,3649.96716
2026-08-27 05:15:00+00:00,3646.54666
2026-08-27 05:30:00+00:00,3667.4176199999997
2026-08-27 05:45:00+00:00,3091.5208199999997
2026-08-27 06:00:00+00:00,3571.06066
2026-08-27 06:15:00+00:00,1923.33826
2026-08-27 06:30:00+00:00,1524.31836
2026-08-27 06:45:00+00:00,1435.4032599999998
2026-08-27 07:00:00+00:00,1502.13176
2026-08-27 07:15:00+00:00,1432.29996
2026-08-27 07:30:00+00:00,1480.23956
2026-08-27 07:45:00+00:00,1501.44126
2026-08-27 08:00:00+00:00,1526.43096
2026-08-27 08:15:00+00:00,1501.46016
2026-08-27 08:30:00+00:00,1441.38516
2026-08-27 08:45:00+00:00,1533.84296
2026-08-27 09:00:00+00:00,1430.6653600000002
2026-08-27 09:15:00+00:00,1434.9483599999999
2026-08-27 09:30:00+00:00,1448.28896
2026-08-27 09:45:00+00:00,1438.9716600000002
2026-08-27 10:00:00+00:00,1444.26256
2026-08-27 10:15:00+00:00,1428.05656
2026-08-27 10:30:00+00:00,1433.48806
2026-08-27 10:45:00+00:00,1429.2798
2026-08-27 11:00:00+00:00,1413.45339
2026-08-27 11:15:00+00:00,1344.95229
2026-08-27 11:30:00+00:00,1474.53479
2026-08-27 11:45:00+00:00,1410.22289
2026-08-27 12:00:00+00:00,1454.0189900000003
2026-08-27 12:15:00+00:00,1336.7792900000002
2026-08-27 12:30:00+00:00,1334.5867900000003
2026-08-27 12:45:00+00:00,1313.65239
2026-08-27 13:00:00+00:00,1335.40049
2026-08-27 13:15:00+00:00,1309.72349
2026-08-27 13:30:00+00:00,1321.8088900000002
2026-08-27 13:45:00+00:00,1493.3414899999998
2026-08-27 14:00:00+00:00,1263.44289
2026-08-27 14:15:00+00:00,1283.65779
2026-08-27 14:30:00+00:00,1418.43149
2026-08-27 14:45:00+00:00,1478.8294899999999
2026-08-27 15:00:00+00:00,2064.17909
2026-08-27 15:15:00+00:00,2969.49367
2026-08-27 15:30:00+00:00,4795.46387
2026-08-27 15:45:00+00:00,5754.20397
2026-08-27 16:00:00+00:00,3002.36109
2026-08-27 16:15:00+00:00,4829.03059
2026-08-27 16:30:00+00:00,6411.35569
2026-08-27 16:45:00+00:00,6804.47659
2026-08-27 17:00:00+00:00,6848.995690000001
2026-08-27 17:15:00+00:00,6845.38339
2026-08-27 17:30:00+00:00,6758.85689
2026-08-27 17:45:00+00:00,6505.599099999999
2026-08-27 18:00:00+00:00,5879.34179
2026-08-27 18:15:00+00:00,5359.657789999999
2026-08-27 18:30:00+00:00,4732.90549
2026-08-27 18:45:00+00:00,4458.82469
2026-08-27 19:00:00+00:00,5158.73299
2026-08-27 19:15:00+00:00,4895.27949
2026-08-27 19:30:00+00:00,4155.992389999999
2026-08-27 19:45:00+00:00,2860.59019
2026-08-27 20:00:00+00:00,4185.37839
2026-08-27 20:15:00+00:00,3251.9315899999997
2026-08-27 20:30:00+00:00,2180.1267900000003
2026-08-27 20:45:00+00:00,1646.4701
2026-08-27 21:00:00+00:00,1449.9046999999998
2026-08-27 21:15:00+00:00,1461.0024
2026-08-27 21:30:00+00:00,1397.9811999999997
2026-08-27 21:45:00+00:00,1516.232
2026-08-27 22:00:00+00:00,1862.8023199999998
2026-08-27 22:15:00+00:00,1572.65632
2026-08-27 22:30:00+00:00,1223.4540200000001
2026-08-27 22:45:00+00:00,1206.3473199999999
2026-08-27 23:00:00+00:00,1192.4784200000001
2026-08-27 23:15:00+00:00,1255.70492
2026-08-27 23:30:00+00:00,1369.17872
2026-08-27 23:45:00+00:00,1267.3423
2026-08-28 00:00:00+00:00,1325.3381
2026-08-28 00:15:00+00:00,1213.96591
2026-08-28 00:30:00+00:00,1265.02561
2026-08-28 00:45:00+00:00,1452.0056099999997
2026-08-28 01:00:00+00:00,1546.45719
2026-08-28 01:15:00+00:00,1683.94999
2026-08-28 01:30:00+00:00,1883.7275900000002
2026-08-28 01:45:00+00:00,1776.95669
2026-08-28 02:00:00+00:00,1878.39919
2026-08-28 02:15:00+00:00,2169.14739
2026-08-28 02:30:00+00:00,2295.61739
2026-08-28 02:45:00+00:00,2491.30474
2026-08-28 03:00:00+00:00,2150.66374
2026-08-28 03:15:00+00:00,2351.36944
2026-08-28 03:30:00+00:00,2346.9768400000003
2026-08-28 03:45:00+00:00,2789.19924
2026-08-28 04:00:00+00:00,2405.54015
2026-08-28 04:15:00+00:00,2297.5410500000003
2026-08-28 04:30:00+00:00,2354.40165
2026-08-28 04:45:00+00:00,3150.68865
2026-08-28 05:00:00+00:00,3917.81335
2026-08-28 05:15:00+00:00,3810.80215
2026-08-28 05:30:00+00:00,3264.3538799999997
2026-08-28 05:45:00+00:00,3505.51778
2026-08-28 06:00:00+00:00,4433.2467799999995
2026-08-28 06:15:00+00:00,3718.17318
2026-08-28 06:30:00+00:00,3040.07818
2026-08-28 06:45:00+00:00,2958.69178
2026-08-28 07:00:00+00:00,2890.10438
2026-08-28 07:15:00+00:00,3571.8469800000003
2026-08-28 07:30:00+00:00,3537.61088
2026-08-28 07:45:00+00:00,4233.70763
2026-08-28 08:00:00+00:00,4589.10833
2026-08-28 08:15:00+00:00,3986.58493
2026-08-28 08:30:00+00:00,3301.92872
2026-08-28 08:45:00+00:00,3460.57142
2026-08-28 09:00:00+00:00,3609.6602000000003
2026-08-28 09:15:00+00:00,3982.7043999999996
2026-08-28 09:30:00+00:00,4042.4752
2026-08-28 09:45:00+00:00,3569.53881
2026-08-28 10:00:00+00:00,2085.50011
2026-08-28 10:15:00+00:00,2494.05851
2026-08-28 10:30:00+00:00,1619.26341
2026-08-28 10:45:00+00:00,1609.1862500000002
2026-08-28 11:00:00+00:00,1356.1621300000002
2026-08-28 11:15:00+00:00,1320.9038299999997
2026-08-28 11:30:00+00:00,1337.2470300000002
2026-08-28 11:45:00+00:00,1325.94573
2026-08-28 12:00:00+00:00,1361.54492
2026-08-28 12:15:00+00:00,1409.9185300000001
2026-08-28 12:30:00+00:00,1333.1732700000002
2026-08-28 12:45:00+00:00,1385.2492699999998
2026-08-28 13:00:00+00:00,1347.28517
2026-08-28 13:15:00+00:00,1340.93497
2026-08-28 13:30:00+00:00,1344.9810599999998
2026-08-28 13:45:00+00:00,1344.9869600000002
2026-08-28 14:00:00+00:00,1357.8017599999998
2026-08-28 14:15:00+00:00,1374.4643899999999
2026-08-28 14:30:00+00:00,1374.2560899999999
2026-08-28 14:45:00+00:00,1421.51849
2026-08-28 15:00:00+00:00,1436.35501
2026-08-28 15:15:00+00:00,1463.96151
2026-08-28 15:30:00+00:00,1645.4910100000002
2026-08-28 15:45:00+00:00,1469.9028099999998
2026-08-28 16:00:00+00:00,1487.19429
2026-08-28 16:15:00+00:00,1531.9751899999999
2026-08-28 16:30:00+00:00,3063.89391
2026-08-28 16:45:00+00:00,4292.42771
2026-08-28 17:00:00+00:00,3531.1959100000004
2026-08-28 17:15:00+00:00,3694.5629
2026-08-28 17:30:00+00:00,3978.0703
2026-08-28 17:45:00+00:00,4561.43272
2026-08-28 18:00:00+00:00,4365.11199
2026-08-28 18:15:00+00:00,4415.46749
2026-08-28 18:30:00+00:00,4660.0306
2026-08-28 18:45:00+00:00,4413.15681
2026-08-28 19:00:00+00:00,4827.83374
2026-08-28 19:15:00+00:00,4521.33654
2026-08-28 19:30:00+00:00,3208.2574
2026-08-28 19:45:00+00:00,2526.3872
2026-08-28 20:00:00+00:00,2408.33376
2026-08-28 20:15:00+00:00,1603.01906
2026-08-28 20:30:00+00:00,1555.88576
2026-08-28 20:45:00+00:00,1540.03758
2026-08-28 21:00:00+00:00,2127.21468
2026-08-28 21:15:00+00:00,2153.97658
2026-08-28 21:30:00+00:00,2499.89448
2026-08-28 21:45:00+00:00,2314.06738
